tx_hash,block_number,block_timestamp,block_hash,contract_address,from,to,token_id,token_name,token_symbol,transaction_index,gas,gas_used,gas_price,nonce,from_balance,to_balance
0xeebc879e5bb12004de51a2be0e3662b1dc03e81692e61d859b24684ae2254e8a,15000143,1655780802,0xc7de2cd27d88ddeb8e54ce3e95bc0a5ea73796da30d3631fa7235f40a49e6c3f,0x9A534628B4062E123cE7Ee2222ec20B86e16Ca8F,0xf7849ed86CadA655F9512690B5dA6409A8d5f6f6,0xc00bC134C59c743dB609cCFC9f3809Da7F5B55d1,7105,MekaVerse,MEKA,3,89273,1754632,27683158371,58,b'0.09696357292988832',b'0.2770686848807394'
0x6b1747f3aaf19f83fdc09fe4eb409c8338d17fc0c0db10b90649f5633f23425a,15000188,1655781568,0x6075ffb0a710be0e439e8c6d39ab154f4c3e48e7b2b9e8558c7ca4d05ddb4c1c,0x9A534628B4062E123cE7Ee2222ec20B86e16Ca8F,0x35891D891cdb4a047Bb8DaF3244ba3005285073c,0xeD8c6826336a3E883733F90C92ce2a71fbA323D6,2016,MekaVerse,MEKA,119,93267,29988283,41089371754,270,b'1.8182426949816242',b'0.0968226870618574'
0x334a5cbbd04e3c65811f3b5efe0504f13b19f5ed33c1ec1538ff27ce08dbd8ac,15000293,1655783133,0xaf54c75dcf85ec3f8e3833ca5e5697c733a00bedff5cbb01dbdf6aa493032966,0x9A534628B4062E123cE7Ee2222ec20B86e16Ca8F,0x2D0457f2bb574Fc76747676dA98975cb5dA2930B,0xa6401E42eDaF68A2dB65a4f83F4e42D4477893A3,5851,MekaVerse,MEKA,106,96079,16229182,33737784309,79,b'0.01007896058377535',b'2.0414180091867546'
0x647da7c3b1a1ad27674995f440c1748b9b0709e7d6a25280c2e43e62716b9661,15000329,1655783780,0xf189f93e914682e6d7a370524e40d6eed844c9aa6e06f499f91a4890feddb778,0x9A534628B4062E123cE7Ee2222ec20B86e16Ca8F,0x8660a7E2d207D2a37Ef11c4930bf4efDaC5da962,0x490932E73525b9694A115e80eDd717A0e56Dca73,6491,MekaVerse,MEKA,94,290895,9721925,62185943702,393,b'0.49979953082222994',b'0.07287921201390833'
0xa3bbae090a982ac2d66c2273554c4867a605be84252f4b190a27c7c0e2979b10,15000395,1655784970,0x6adbfd07ebe851d9a544500064ee31ffdcf0f94edddc17bdfb4eb4436d1303e4,0x9A534628B4062E123cE7Ee2222ec20B86e16Ca8F,0x2788506171fcF910627EE0f7C06614C8c5509321,0x0F1624A9186392D7afB3F4ab99edBe8fE444c076,3146,MekaVerse,MEKA,191,156386,18961220,57894093267,35,b'0.49457253290718234',b'0.27393548605103624'
0xf841aec0c13671067d64cb1b157956b617c742f1725d5568a32e11bfe1039b1a,15001112,1655796469,0x1d986f5b7a3f82518040f25aa0994b7af2b00a2fe2a64d31cf05651b841e9ffa,0x9A534628B4062E123cE7Ee2222ec20B86e16Ca8F,0xd67C58Df599Ce59e1991FfA94A8f57bd77b0591F,0xDBc5a981bd9aC276F3cE0a0FD15561d7ee1EEFdD,8021,MekaVerse,MEKA,107,193966,29960027,23088047159,94,b'0.5386403425511098',b'4.458909079304885'
0xa39e291147489bafc98b298a371cbd7acc02b6df55083a9ae9eb6820d89b1f5c,15001203,1655797650,0x2873976b47b5cbd6361db95b4bd178e682e9ebbd33a8028fc1cb64c504ed33e2,0x9A534628B4062E123cE7Ee2222ec20B86e16Ca8F,0xDBc5a981bd9aC276F3cE0a0FD15561d7ee1EEFdD,0xf9A978892c81e6Ba17cFA1F64259a6Be167E7beB,8021,MekaVerse,MEKA,26,191142,4530363,19163375145,49,b'5.03461410976702',b'0.0517298059089273'
0xf6cdc85a4b30862461e4e8fd2d2a57efe5dcc198c225de9c5c6df20f8f43b54e,15001257,1655798339,0xbda12fc42fe53257f3b67dd38a1424aa019eaf1e447b1304d4c78135c4fb9b2a,0x9A534628B4062E123cE7Ee2222ec20B86e16Ca8F,0x62d4bC4cf673691bbFA11e192984107DeE03A21a,0xC96d02738f6Ef85A8Ffa47642FDF518699B7e79F,1010,MekaVerse,MEKA,307,191166,29987372,17170205438,20,b'0.5198572142412794',b'0.6376376587180292'
0x9b44c6e3e8b539c0cac7a6a85774cd894f5a2b167a89664df7a8f411204b04ef,15001260,1655798453,0x4d6cb21ea387fe552162e02fe507fef51566680553ebff9f271c9a24cf0b3190,0x9A534628B4062E123cE7Ee2222ec20B86e16Ca8F,0xF59CA1B49755Fa2E266fE8b9D020cd6c6f12264D,0xC96d02738f6Ef85A8Ffa47642FDF518699B7e79F,2380,MekaVerse,MEKA,124,176842,30054945,23384583762,21,b'3.719686734024944',b'0.11679624975886171'
0x55407463719943b5703414d47a415a23df8e3c575d022bad7dcdf7ae7a46cab7,15001360,1655800115,0x887adaa35bfb9bf913cbc1cf6ca03dd76e4d95563d5faff793b7c0b86f2398a6,0x9A534628B4062E123cE7Ee2222ec20B86e16Ca8F,0xF9c09aebC29cfbbfBDab702AaA93A57306d01155,0x2284953975bA93f05903b0856AD56918f683a467,1608,MekaVerse,MEKA,58,193942,14694499,26350929076,119,b'0.5929962638013669',b'0.347489559919253'
0xb847be9cc5aada293e630d327e7278428cf895e3d8455bc1d4802c5e9c33ef47,15001442,1655801419,0xe99b8fe70afb740f81dc2cc11a86927144023cea62d7b12d0560899cfe313b95,0x9A534628B4062E123cE7Ee2222ec20B86e16Ca8F,0x2360Ccf8667b8DE7244f39fACb8e3f978B5c947A,0x76a5De8Cbd34D64f85a04a23d8B68Ae24313A832,7177,MekaVerse,MEKA,142,191142,30023169,22884212303,497,b'0.6512366237679438',b'0.2111216325207695'
0xb5f51ca07444d04f6c9e5c72dd9f391ed87e4c21ce82fe73a92ec85ea153e458,15001741,1655805818,0x920ddc7ba4d7665b91fedccf0fa6d22941d2f287b943c075ae7990958fe4c595,0x9A534628B4062E123cE7Ee2222ec20B86e16Ca8F,0x8b3383FFb325E3169c26b0d9Cd6D0ae8C48f6331,0x90b83A9e86982CA5f02BD575568B504145B31d89,1142,MekaVerse,MEKA,65,397524,17921596,31154952201,240,b'0.018329277695965197',b'0.007766444468408661'
0xd3504a0ced3cd0e60e538719bfac325ccee446323e91f9a652aa129cd9ae4d93,15002159,1655812214,0x8b9a72ba41d97942a2f5b98d3d510b570aa84d77061656ba2ced8b8216899489,0x9A534628B4062E123cE7Ee2222ec20B86e16Ca8F,0x92600d00d1e33A40b56F4527764303CBb148B3Ad,0x4956289E64BE9ddEDB69aB941dC3385A4E29b8a7,3969,MekaVerse,MEKA,54,254686,16286809,23214619877,4,b'0.3272209262511727',b'0.04569935450558737'
0x6ab55fb7cf9d092ddba1af56c43b2e423d65c15476c5b4e04fca559e33c2ccfd,15002351,1655815316,0x1f1659cdc49ec49b22fe397dd73138a467a7151965c010521c2e69efdb884313,0x9A534628B4062E123cE7Ee2222ec20B86e16Ca8F,0xaEedEedd4C8727B2025F7f7bf995c5B55d6B93A8,0xBd23D74267fCcBD3496Db251692FF598dd89D5af,4729,MekaVerse,MEKA,100,193954,29989758,29267576727,252,b'7.429126554887913',b'1.8614949192538117'
0xd393a552c948cb8d506b077885cabbee9903276df9b5126fc45d3ec61ea95943,15002865,1655823823,0x8ad44728b2479f2d686a30ceb2a211617da6fbabcd64d1a77dccd254b19e824b,0x9A534628B4062E123cE7Ee2222ec20B86e16Ca8F,0x490932E73525b9694A115e80eDd717A0e56Dca73,0x5fcdf9Ed1CE4483dD2f389e7E0629E2B6fF6707C,2722,MekaVerse,MEKA,44,397434,7245623,47678474643,395,b'0.0591240607276329',b'0.03231101786345477'
0x19684590734b0e7bbc48848693fd0415b0040fee90f38a4a772a8c2628a828f3,15003057,1655826907,0x9d958b191abe138b0e1b0893a073f35feb9d8232ed47cc888cc8b9144cc47e96,0x9A534628B4062E123cE7Ee2222ec20B86e16Ca8F,0x5352B6ddEe06C27a545cc86924f078A29e3453Ad,0xced3Bf5fa8B88B72936902071b57122dD473eC47,4178,MekaVerse,MEKA,6,193942,1732595,32972237652,28,b'1.8129655126116924',b'0.48581182516784344'
0xda4332bac0e87804b47788b0ad8b209aad9ce366e7c811d369b7f4cb1dec66e9,15003139,1655828296,0xd2995fe6d7c2102fbd5035e62e951485e7515f7acb5b06f606924624690857dd,0x9A534628B4062E123cE7Ee2222ec20B86e16Ca8F,0xB71023DeCaC4a49b844A8443fae4b633bf906d0b,0xced3Bf5fa8B88B72936902071b57122dD473eC47,4403,MekaVerse,MEKA,69,257486,18452489,53728202127,5,b'0.07327915321852481',b'0.029749280504679156'
0xef7088b0550ea5b632b5ffef31cd2c700d1ea15df74b759012055133d3a8af8e,15003454,1655833400,0x67b85a3d706072a25da901f7ecc64a64546ec4f3637fcfd853468792da7c67b0,0x9A534628B4062E123cE7Ee2222ec20B86e16Ca8F,0xdf00a94C9c7f68B555A902f5D34a820979028111,0x1d434A329Aca9E40d7c2f360684440DF2dCE8a81,358,MekaVerse,MEKA,17,193942,10679964,54238410372,80,b'0.5200492273141777',b'0.163563428621116'
0xe143c543324b9fea54b52c9bfc7375d8cf609e4fe595c78bea649b1c69066e1c,15003474,1655833777,0xeb5c1dcb3e6a5bea543538f9ecc4f9bdd7e537c46fa9e16a54487d1aefc2b3c3,0x9A534628B4062E123cE7Ee2222ec20B86e16Ca8F,0xE696D4f5aB8e76C463F24E8194cBb3A52d0D3b62,0x211CE9b0bF7e960594fca984716C56623d21E230,6049,MekaVerse,MEKA,112,319681,10955097,66306334336,100,b'1.8403068820166353',b'0.5416394022420217'
0x3027d58071d71a2a4d90ca9f7ef04df349c687e0a3c45a17c9950b2b93071c54,15003507,1655834282,0xadf502edf2ed489a632a24bf8253d95464aa2dd316b2caeb03154eabf5fe56a9,0x9A534628B4062E123cE7Ee2222ec20B86e16Ca8F,0x5fcdf9Ed1CE4483dD2f389e7E0629E2B6fF6707C,0xf686eE64bb44B0A7e3AA23C444d73739852d7c60,2722,MekaVerse,MEKA,25,191154,13911915,60127124399,0,b'0.5122007210519922',b'0.03442520199225138'
0x31228f13129059061a6ea16de3669cf980e1148d71276198b3a5bba2a11691a6,15003517,1655834463,0x25f93ab6a271996355afcc76ba7e038657cb8011793a46e50f4c0497ad9a9f12,0x9A534628B4062E123cE7Ee2222ec20B86e16Ca8F,0xdfb9f574de77D737FE796a67C659cAA948d2895a,0x5960621d6a9EDC623900Ec6F8B5C1643ed8d3146,7345,MekaVerse,MEKA,68,219206,16141037,73045901461,53,b'1.0870395250736136',b'0.6707639995483533'
0x25b9900c97a34a18a1e96ead57abbf285fc204e2155f9e4c6ec156eb1ef98d1a,15003550,1655835026,0xbe6116dfb74ee2558976504aee7162e5e13b656fe8ed4394b782f5fc88f9d79a,0x9A534628B4062E123cE7Ee2222ec20B86e16Ca8F,0x25480D07FfeB3871e3099C930aFa8470328ad0bF,0x99984571A6b6A63d01DA0387c3b8D5CbBcC23Be2,2098,MekaVerse,MEKA,86,204918,29986181,65842824245,63,b'0.14382027513048304',b'0.21096562476341754'
0x85463a711d76d30bad09aab6c4c69cdb485c2189b804c449847ed9a7a0c2a319,15003972,1655841935,0x211934a87ec24d9a4fa069935c595ad9f4ee1cb062b1d05e7c11530b27ec293f,0x9A534628B4062E123cE7Ee2222ec20B86e16Ca8F,0x207D977887D9a16C4fa2D6994F085EEaA6310d10,0x5265DcFE39e41779eAEE9ca59A37Bc69782186F9,6607,MekaVerse,MEKA,78,252254,28330410,57699796931,29,b'1.2025528097840612',b'0.005658133428631182'
0x428de11e4897f2197ed4f8fe1750b60972e6c41293d31be32c01e9976bf4cf84,15004016,1655842483,0xe8e1cf3f760a49dc4ad189d6ba826b5508f62fddb8c54ed0f95094b7bc0f5abb,0x9A534628B4062E123cE7Ee2222ec20B86e16Ca8F,0xbbcb54119492581766c1256ffbE8F816C13f26E2,0x1888440bcBE9ef9Cbe85a3d11Cb6B2Ff9A7Ebe86,1993,MekaVerse,MEKA,172,191154,29774931,37002728683,240,b'0.84559150140769',b'0.1803670290397153'
0xa9ad54367a5a7637711d1e6003b9293de49641210f25f6dc159331b06ea355f5,15004280,1655846380,0x4e600b5ee25573dd9c251264d6386f38227ea34c0c6dc8bbc34738540bcc2c68,0x9A534628B4062E123cE7Ee2222ec20B86e16Ca8F,0x490932E73525b9694A115e80eDd717A0e56Dca73,0xbe91334e3544438BA1f359306eB3761e7c12AD2d,6491,MekaVerse,MEKA,143,378399,26707244,41867269962,408,b'0.4959132591678395',b'0.01502538473111822'
0x36c49b4bb17a2f60cd93608d6036e44153eb4bf67fb4a47aeb1b15d7dd1e8a1d,15004316,1655847172,0xaad1c1f62bd7ea01f435e62c0141c086ed695d63f48c6f7f86375fb33ace5010,0x9A534628B4062E123cE7Ee2222ec20B86e16Ca8F,0xc9236E96E039f7d258e1d23232969B9D60C26aD9,0x760A6Ff8A8636337fB845f78AF334Dc26484746F,1438,MekaVerse,MEKA,134,193942,29958298,57807241708,156,b'1.1246113449077701',b'0.2162502123085233'
0x2d82dc2c30326fa83ef19169e8f3abcfedf14a631c5e9302e90074f2b12f0a14,15004325,1655847340,0xed61f6ad5cd6b8c477f10e94adb5c0233e5be15f230d7c9af6267b0a453dafae,0x9A534628B4062E123cE7Ee2222ec20B86e16Ca8F,0xbe91334e3544438BA1f359306eB3761e7c12AD2d,0x1bD57d21D088AE7411687A30C37648A045fA5A1d,6491,MekaVerse,MEKA,35,191142,4425331,45156640124,557,b'0.46646830766984304',b'0.3697220419129546'
0xa85d42c17a8af220fc80fd9630d5f660a66b67c1677ae2026873084ba7230361,15005079,1655859936,0x22bd35b8a3a9d260e55a6011f86551a7713e2c1e4e801f72192fbd2705d5a76c,0x9A534628B4062E123cE7Ee2222ec20B86e16Ca8F,0xc95240F030C0d914882af2fA29e024d81b22841F,0xD4E900c4985A22E99a3e059Be2B5E39fC516469E,7293,MekaVerse,MEKA,93,96067,29996107,28625498802,1063,b'0.25067531256372205',b'0.4731295542295526'
0x2ca5f25c46e3cc15b19b19bb452da402f74230f39730ca48e59638d997fb635a,15005236,1655862721,0xc75fcf8f4741c3872c70ffe48c3e6dc496a266c58c379c2cfba5e6eacc1d05f5,0x9A534628B4062E123cE7Ee2222ec20B86e16Ca8F,0x21Ac5dDbDeA94858562C5DDe1813e7B1BA9417d9,0x9267D75936126Ff1d295441Ad26B18B6814E771A,4455,MekaVerse,MEKA,357,93279,29956344,41193902954,45,b'0.015097405682452695',b'0.0'
0x88e68faf2e41e58fd87391160e79abf8e8b2a13728034652b8db62f7760a2426,15005426,1655865445,0xcf5e54a4f8b60a1f37627033cded4f1263fe3582436b559ce839dd943e93b93c,0x9A534628B4062E123cE7Ee2222ec20B86e16Ca8F,0x2B610702c6f1a7f2C8a18E949A528975a3257b1A,0x0Bd329bd1502Fab599c6A6c7A3e7F8EdF355865b,4542,MekaVerse,MEKA,64,240326,23558203,32580800934,292,b'0.5401054736126988',b'0.0177388369748704'
0xbf3ccd492db9076291b75ed7df228d8669617ac4a527118b95cfa31a9fae6480,15005985,1655874701,0x32ae7bf4cd47efd87ba1ea44350bc04f5f87227480fcd4c2acac37e9a8a4d89e,0x9A534628B4062E123cE7Ee2222ec20B86e16Ca8F,0xB6C5B1a489606028Da263EDa28063186f96fa921,0xB2347dB3c5A061e7F2B2f607027c8D8d8cB3c4D9,4709,MekaVerse,MEKA,147,201448,29185755,18178653981,49,b'4.9083924152081835',b'0.3683994580668471'
0x8a7bf5595faeb67c4975f231a1fa13e30c8b85f5d2c12c3eaabc163816f962e7,15006007,1655875093,0x01c97d9c3e81a4599223a4cee8534d5242c64c851b187b3a901898f64cc10af9,0x9A534628B4062E123cE7Ee2222ec20B86e16Ca8F,0xB6C5B1a489606028Da263EDa28063186f96fa921,0xd004120379e8Ca78aD94Ccc8B38D54216620e601,4710,MekaVerse,MEKA,3,300000,13909198,52000000000,860,b'5.447992418695442',b'0.0377359752217065'
0x3e6e5e3d9d48998c8d752b57045f5e3a967036fac20c8769dc8b5ed599ad2bbe,15006743,1655886396,0x2b8e7ea494b1f3530c83bbbe3e70c5ff7c0c8023a12a4109c7cebe4ae012754c,0x9A534628B4062E123cE7Ee2222ec20B86e16Ca8F,0x4FAA2764E751eE404Adb29BEAA6BeD43ACf9316f,0x6F0CEAac10724Cc048849D4c742eb9e38E46A001,8243,MekaVerse,MEKA,27,191166,19692715,26206088943,774,b'1.3380471415239552',b'0.21446213753328625'
0x27e4f84dedd4b85688deda88ec3ec4d41d20a97651ec956eb8cc8495f5492bae,15006749,1655886485,0x4f4da16188825706d6de5071031bf3358da270f7e5d4ab894d50e0b96671cf27,0x9A534628B4062E123cE7Ee2222ec20B86e16Ca8F,0x4956289E64BE9ddEDB69aB941dC3385A4E29b8a7,0x54a6523F22B31A90E7b1FF179F36D609f40ff931,3969,MekaVerse,MEKA,109,211661,19505665,20451732515,704,b'0.4469629793522604',b'0.2990550554227'
0x97d7707d73ba2e850b47be0a9a74ba7fa399e3fa2d87399e05f434c9acb07453,15006852,1655888038,0x0cb8bd6b078fb0cb2e6be63a7544decf3b626aa4b8901d7d6d932bb8e6f43d7e,0x9A534628B4062E123cE7Ee2222ec20B86e16Ca8F,0xB6C5B1a489606028Da263EDa28063186f96fa921,0xC76215a376c2B979567B114634AC5f95cc4eceba,8140,MekaVerse,MEKA,130,204248,29964766,23803766543,85,b'6.033297418695442',b'0.07618701581018932'
0x3bca219bd19ff608353ea49989d6f6f2ef7952cb1c065768692c31e02b8c49d9,15006860,1655888213,0xe3c9ab73247eb372487920789288be7e2704708ce1b53bc03b7c724c0d02ab2d,0x9A534628B4062E123cE7Ee2222ec20B86e16Ca8F,0x2e5fA3897DEb9c5f0666186B510540774037b8Df,0x4b90ce3697E753D327033F63C38970cFb6D277Ee,1398,MekaVerse,MEKA,64,232478,28264200,29177107732,193,b'0.7285533534724984',b'15.01861745940725'
0x7134baaea3e3584b2c29333eea017f21ae4c2a96198f9f4e35ef0b6cf2870ff8,15006909,1655889027,0x7b23ce53d9d520406072181f03cd989d53bc5b21d5c51bd341535db96c5459d2,0x9A534628B4062E123cE7Ee2222ec20B86e16Ca8F,0x0Bd329bd1502Fab599c6A6c7A3e7F8EdF355865b,0x31048A4B391AE1B0E90bB4c7381C70b8f5eC230D,4542,MekaVerse,MEKA,225,211621,29961612,17939733319,177,b'0.43272481823600467',b'0.40336835517051467'
0x99eb62d4bf376f74a5122f7f4766d8104ac66723f8abc133875c037bb0238bdd,15006925,1655889340,0x1da3f0d31dd325e265c1c8eb03c61af17373cee4eb06f47622ec16de8e5775e0,0x9A534628B4062E123cE7Ee2222ec20B86e16Ca8F,0x5265DcFE39e41779eAEE9ca59A37Bc69782186F9,0x99BF3b218bEE3aA3c8b90d727EB9057c4B224251,6607,MekaVerse,MEKA,317,265989,26898620,21030203823,1117,b'0.4476496246683633',b'1.4274272572049338'
0x053abcee6977155b24fa7426bbbae4dd968e8ead86790336f539c84369c9e531,15006935,1655889570,0x7f744e469dbbc4d6f6091978a4262d149a4a506f773417cb904635deb4c2280d,0x9A534628B4062E123cE7Ee2222ec20B86e16Ca8F,0xB6C5B1a489606028Da263EDa28063186f96fa921,0x8e19ab335D985B25ff06f289D7D69732CFdCB150,8559,MekaVerse,MEKA,346,226326,29981822,23234489049,343,b'6.455097418695442',b'0.11412020029775337'
0x4f3ddbdb74426654abaa34353186daa375e563d625b74e85ecb515d59c4956e5,15006943,1655889738,0x0533b1b472d6f9afb34223e724a05c03ef5a0c0fc1ee84785e8ca2b7a69e6dcc,0x9A534628B4062E123cE7Ee2222ec20B86e16Ca8F,0xB6C5B1a489606028Da263EDa28063186f96fa921,0x382A50Af3F9703292b8024e0d348C75Eee570514,3119,MekaVerse,MEKA,64,438123,7367908,22049416966,821,b'6.882597418695442',b'6.571229296313183'
0x4f3ddbdb74426654abaa34353186daa375e563d625b74e85ecb515d59c4956e5,15006943,1655889738,0x0533b1b472d6f9afb34223e724a05c03ef5a0c0fc1ee84785e8ca2b7a69e6dcc,0x9A534628B4062E123cE7Ee2222ec20B86e16Ca8F,0xB893AE8A1824604F6df4Dfde52E2754921ba1A73,0x382A50Af3F9703292b8024e0d348C75Eee570514,2466,MekaVerse,MEKA,64,438123,7367908,22049416966,821,b'1.936521796961267',b'6.571229296313183'
0x49841b1463836b5fa7ba28e99ce8a5f4cbaf93bc64cb4c4d92825d627b849de7,15007154,1655893248,0x5ecf4cfd24f02cf7446a155e4854da6b333e704d8c317dc27690d408f2073d7f,0x9A534628B4062E123cE7Ee2222ec20B86e16Ca8F,0xed476A381Cf7a16C7f856dcb5E86D1669900109d,0x9a8bDBE5Bb0b63312e5AF863aA66dcbC9D7EC4FD,4539,MekaVerse,MEKA,330,211648,29989929,16479911275,1009,b'0.44817144359072114',b'0.16909255308343432'
0x795ffe0da35576ed3438ea75193cca9948e727b9583444a968a063264b04f0a1,15007260,1655895058,0x5aec75446c9639ff57a6cc12fe58915e2f067149a06356e40e21302f5468aa0a,0x9A534628B4062E123cE7Ee2222ec20B86e16Ca8F,0xfa567946c76d7feD013bD8C66786775B44001F49,0x203338540AD3f0632DdB34486828584Eb04D1BE1,6272,MekaVerse,MEKA,117,191130,20449015,22286075464,131,b'1.7626133194655667',b'0.10975844105205966'
0x58a3e62409de7f8555e53c4b965727cd016aa67e0d835f16f96d9aede5e8f95d,15007261,1655895094,0xf7f8bd44f696451b07198b07cd1d9281299109ffc2f33c1d9c6c306713328dc1,0x9A534628B4062E123cE7Ee2222ec20B86e16Ca8F,0xEC56fe1Be3dBEE2C5AdE4FA868aFee9ac0B7c317,0x6430255D5440363343D2E5d30f997662603845BE,8749,MekaVerse,MEKA,82,191154,23366575,23184530647,356,b'0.8501933325749627',b'0.7510935572326196'
0x34c1960fdb1c40058070c84ae80b1665dce6df1c91c1c4a43260d8eef204c072,15007264,1655895201,0xadb527a02f930992daf98de14ba278264e1ef5f04e60974e1f134a161dc2fa78,0x9A534628B4062E123cE7Ee2222ec20B86e16Ca8F,0x54a6523F22B31A90E7b1FF179F36D609f40ff931,0x99daD523B24B58608fD46048DAd439fD360c64b2,3969,MekaVerse,MEKA,155,191154,29976677,28410850935,203,b'0.7256140218046915',b'0.32108764010613655'
0x797f6a56ba003355583809aea6a0e2ce0b1f82148c96fe31a46591b4873c0497,15007289,1655895628,0x11e331edaa194a75e1431b6f84ea80864e9f415e624a858cc6b340de030675b5,0x9A534628B4062E123cE7Ee2222ec20B86e16Ca8F,0x41F7894c982aAEB90535242c7c2df2c105D13D99,0xeAbd7E40Fa7f3773D019255707c9fDA4D9452f73,898,MekaVerse,MEKA,110,191154,30042308,21478811901,135,b'0.4897433149003635',b'0.23779538326117775'
0x8b1adfd7b0b260e4e08c70b497d591906556e9d39bccac8fc5547b86fb6939d2,15007304,1655895793,0x6ce69fecd874166a54d97ffae1b6c4638c84938804b764ab481bd4f4f1cb5561,0x9A534628B4062E123cE7Ee2222ec20B86e16Ca8F,0x2bDd95f42e78602260bA301498D139E5c76F86DA,0x5265DcFE39e41779eAEE9ca59A37Bc69782186F9,2159,MekaVerse,MEKA,89,252326,29989338,18038623900,37,b'0.11203838052421941',b'0.09788776193484718'
0x5a2e4737e65e34a6084e18c7d6654a7b530630171a27a282695029b4e253e239,15007309,1655895889,0x62fa1764d3c3eafb2b7a9e6fcdf88c998f427e28abe7b253c753bd408a150d38,0x9A534628B4062E123cE7Ee2222ec20B86e16Ca8F,0xeAbd7E40Fa7f3773D019255707c9fDA4D9452f73,0x64BEE4b8A8D29d70b88120d0ddeD65293d620c42,898,MekaVerse,MEKA,41,96079,15344133,19685454705,138,b'0.05430486690986749',b'0.003115548424520772'
0x3bc58aba2a53ec4391cea50c7ca5106a389bddf77a5352f3ed0ff8d347abcaed,15007309,1655895889,0x62fa1764d3c3eafb2b7a9e6fcdf88c998f427e28abe7b253c753bd408a150d38,0x9A534628B4062E123cE7Ee2222ec20B86e16Ca8F,0xB6C5B1a489606028Da263EDa28063186f96fa921,0xdf09092bAe5C265e404e0a8Ce01eBF341481F531,3806,MekaVerse,MEKA,95,223190,15344133,18685454705,2279,b'7.310097418695443',b'0.33802064958350714'
0x7e5d5cb466cec7779c2afba244bec4ac9f95078187d8b474bfe7894aab9ef4ec,15007368,1655896726,0x72f2e368f27a36930442de1772d30e96edcb63d111cb63cb2438c5112662c2d5,0x9A534628B4062E123cE7Ee2222ec20B86e16Ca8F,0x5265DcFE39e41779eAEE9ca59A37Bc69782186F9,0xa25a25A24e36345940B91159D397E1D3868f7D9d,2159,MekaVerse,MEKA,250,191142,29990314,15888175890,0,b'0.5434377619348472',b'0.02819460889492681'
0x53ef08ca92adc9583096c27676db3a28df13b130d9d46b489e204ad62a3c9a1c,15007374,1655896851,0x62962296c7cf0417d973e61ca3b47330330ec78bbf8a828b27bbde5d8f4e2049,0x9A534628B4062E123cE7Ee2222ec20B86e16Ca8F,0xa25a25A24e36345940B91159D397E1D3868f7D9d,0x7bA1d57886a46F9015eA8841B6BEB5eE547F8717,2159,MekaVerse,MEKA,181,93279,29965574,20550476965,1,b'0.026474965532972575',b'0.02664779400616524'
0xcd43612c274178fbc9d5e8dff7e06d529b0ddbe82426de72d33949853072520a,15007416,1655897699,0xb27cc2b5b6f8acf4a3379cb1df1c729e10717472dc59880fdf254048cccbd2bf,0x9A534628B4062E123cE7Ee2222ec20B86e16Ca8F,0x6F0CEAac10724Cc048849D4c742eb9e38E46A001,0xFDB42F47486DF3e9fF8C45Dfe156E2f7CaB3dCFe,8243,MekaVerse,MEKA,6,300000,5479222,31867477036,47,b'0.3271290300663715',b'7.329811377781764'
0xb0ef6a9e8de4797a6b178659f29196e8602c1b4c7c26bfce2e4ddf5d5a865251,15007514,1655899206,0x43c408287fa00cb53f1a23871b114427831cf9553ca5df4b639c993de8dc15f8,0x9A534628B4062E123cE7Ee2222ec20B86e16Ca8F,0xDC9b4d26b47001ADaE74756c56057A50f34ea69C,0xc2136927EB5C00D65A9aFce9e231772A3D8f9eB8,3016,MekaVerse,MEKA,45,191154,12132103,27823336741,40,b'0.49784144873157876',b'0.29189210915563285'
0x631beb461410d90b45cbaaff3bdfa559594bb898a590bf478664f7a2f1979dc8,15007556,1655899758,0x41436d4c1df43143c7f0a4a21dbd4bbbb1861b48adb9bf5f06a34a6d20fdc828,0x9A534628B4062E123cE7Ee2222ec20B86e16Ca8F,0xA99D15bc633CF5f65728670A153Ed6020246D49f,0x2284953975bA93f05903b0856AD56918f683a467,1185,MekaVerse,MEKA,43,193954,11353234,19625290348,122,b'1.6832865438004188',b'0.7652494219259287'
0x6a521f879e2372515553ca2f3f0d97b2536be298326d0641b7ed570c395d4875,15007750,1655902951,0xfe99933023e39ea9b102032bd321bde1b82248f8aee697d6666d3dd0e3ade04f,0x9A534628B4062E123cE7Ee2222ec20B86e16Ca8F,0xe1311354d0f0b916600Aacf9E89C379eb1F99d4c,0x20F35A718Be675065DF8fFbAfD03AdD18279f134,852,MekaVerse,MEKA,82,191154,15576594,43494392350,210,b'0.699695797452901',b'0.48052636379461194'
0xa93f2cfa37ebf70b8e1ddfda77abb70d436eeec4ba99817c8c391d07b6f55c55,15007761,1655903112,0x3ad304ab2e683730900fa206c5b133cbb6a74b4c040d9722dd9ed70a099480d5,0x9A534628B4062E123cE7Ee2222ec20B86e16Ca8F,0xb78dBB2cfE92251a4Bf29Dcd391A2cA8Cc8c4310,0x56349d601219a8c9678f1b9ec148c6EC50ACeb6e,6179,MekaVerse,MEKA,89,93279,26601725,42733683318,261,b'0.06490795742700381',b'0.7'
0x1074801ebc70682fe5abe0103170636753f389550e4f3aa7662dd4c4dd55f24a,15007878,1655905146,0x33b4789ce9167174fffcd1fc21bbd4ffcc8fe8302080d9b9da24903922f9172f,0x9A534628B4062E123cE7Ee2222ec20B86e16Ca8F,0x56349d601219a8c9678f1b9ec148c6EC50ACeb6e,0xE9e6283F63695671A2b2D07b46eAB3B8428907BE,6179,MekaVerse,MEKA,170,235703,30024674,35422888434,3,b'0.6745627295152037',b'0.009781994026555234'
0x276747cc6a974a08d99eff636565dc01e3343da6002998147bebbebcced847a9,15008035,1655907772,0x41f665116c38fe07cc2a20a786a0f33a3e0ac37f3c9464d141c8e1debbced143,0x9A534628B4062E123cE7Ee2222ec20B86e16Ca8F,0xF59CA1B49755Fa2E266fE8b9D020cd6c6f12264D,0xC64dFDb6521c5daF2602b4dF62AFBa5893C8155a,2536,MekaVerse,MEKA,280,266086,29749439,66782660044,524,b'0.9323938620556464',b'2.2394795011800834'
0x5752c72a2f1fb5cf403b65907bbbac328c7e27e22ce859d672c2cc78a8a60356,15008093,1655908846,0x6fec456aeb8344ee582ea751c6a1773994b380ce87ea6d4143d943c129adfd06,0x9A534628B4062E123cE7Ee2222ec20B86e16Ca8F,0xFDB42F47486DF3e9fF8C45Dfe156E2f7CaB3dCFe,0xAA98177DAD812fdc8b37ec61d5f16A4Bf890F2C0,8243,MekaVerse,MEKA,85,191154,18835466,55292808660,292,b'7.7529685294646855',b'0.04968957960335875'
0x06e466c3716e35fd5d520a7ae48560f5a17cfe97ab5ea973e3ac3ae3456beca2,15008094,1655908863,0xdcb41e02ff7e48b4d490fdaafaa8f1983f82520aa8afd748d2baa5e4d8f08e54,0x9A534628B4062E123cE7Ee2222ec20B86e16Ca8F,0x203338540AD3f0632DdB34486828584Eb04D1BE1,0x4b572f2a50ACA29FB83529f6864b948931578612,6272,MekaVerse,MEKA,117,148350,10323801,55488291528,1677,b'0.1053958453539237',b'0.0'
0xd50cd8d59d3f0001f7c4d21ea05d31f614ad2478b013165962ad00a1e6db34d6,15008179,1655910072,0x389fbef9505bd27d1e552c44c5db8cfe40082c6969d7972ffdcab5680b86d06f,0x9A534628B4062E123cE7Ee2222ec20B86e16Ca8F,0x9a8bDBE5Bb0b63312e5AF863aA66dcbC9D7EC4FD,0xBd23D74267fCcBD3496Db251692FF598dd89D5af,4539,MekaVerse,MEKA,109,193930,29981308,41941833728,255,b'0.8387625039393712',b'0.7916849106171513'
0xff4d7319b37d0790205ca60759a0a950d689a1bb485baba231e0464a03b936bd,15008865,1655921004,0x3e6d1fe8165f5f4e87d8d2224e88d7846f21c65ab569954aa0519a4eb163c0af,0x9A534628B4062E123cE7Ee2222ec20B86e16Ca8F,0xa3C555E78eD36216D82393ebb3370a059BE9B039,0x95FfEf5E87a4Fd37D365c0Cd1bA0379112269E91,3483,MekaVerse,MEKA,214,96149,16195646,75852590156,57,b'0.011119473934290337',b'0.0'
0x0e903194284f6755679a3f015264036664fd08e95d8ceca65d9a9a49e4a2038a,15008951,1655922279,0x2c545ea01768abcf2577378891231b29368c0a59f5776a4b9e62400182f00c9b,0x9A534628B4062E123cE7Ee2222ec20B86e16Ca8F,0xf14A11EBe485E758Fda40dfeb9CD505011490B2f,0x1dE2663b4f4F1ac60e6Ee8F7145EF4A64635C84E,1115,MekaVerse,MEKA,97,201460,9425942,52674121684,40,b'0.4174152612371384',b'0.15756391122017374'
0x728a9fd3bd82c08bc193164b5be5e353393a888842b278e11f458cfa63728af6,15009098,1655924584,0xb2e44dbf80cd19d578613c9ca1a66fda8b3fee3f1aae8a526d9d00db16f022d0,0x9A534628B4062E123cE7Ee2222ec20B86e16Ca8F,0x4b572f2a50ACA29FB83529f6864b948931578612,0xC1c1fdadD3f76Ff4E34F6f3f0b00F4dB9B539A8F,6272,MekaVerse,MEKA,64,191154,20542158,52375487313,481,b'2.4263381719231107',b'0.007594700460870686'
0xedf3b3a4f9a44edae2f0c47fed211daa6fd29a4dd1e9ea91c4f4ac4435316096,15009209,1655926271,0x793e095e01ab8b8ea7c4744ad72c63d25a1c24d636d79a3cd78f6a6bef372fa6,0x9A534628B4062E123cE7Ee2222ec20B86e16Ca8F,0x771AA8cb863389599C9f003738B2BcfEA6093B7D,0x62d4bC4cf673691bbFA11e192984107DeE03A21a,6727,MekaVerse,MEKA,240,202106,29983447,27873508930,161,b'0.009365635080881701',b'1.2380572142412793'
0x91bbc332f8d15c68080bc80c5019de32f117d98ce959185613f6e3c942c1e11c,15009381,1655929183,0xdd64862b3d03f2b8d815f97b2b7e24bdcaedd9d014ab6a1ede5a277bd61e7902,0x9A534628B4062E123cE7Ee2222ec20B86e16Ca8F,0x30d26d80fF203118f141Eb096698a7A16198C157,0x35A93fCbb58A4932AEf0413E50dE3Dbdb3054209,6645,MekaVerse,MEKA,167,637237,29997390,29550549704,255,b'0.2674000049329873',b'9.147798501514345'
0x91bbc332f8d15c68080bc80c5019de32f117d98ce959185613f6e3c942c1e11c,15009381,1655929183,0xdd64862b3d03f2b8d815f97b2b7e24bdcaedd9d014ab6a1ede5a277bd61e7902,0x9A534628B4062E123cE7Ee2222ec20B86e16Ca8F,0x30d26d80fF203118f141Eb096698a7A16198C157,0x35A93fCbb58A4932AEf0413E50dE3Dbdb3054209,6646,MekaVerse,MEKA,167,637237,29997390,29550549704,255,b'0.2674000049329873',b'9.147798501514345'
0x8dab8b44d9d5a75bd3b66b6dd5378ab51311701d25ce6335176d788f057318b4,15009609,1655932874,0x34439e9eb6b5c30e8984ab6b581154df6214a23cf6c4b84aaf0d61bc742a6650,0x9A534628B4062E123cE7Ee2222ec20B86e16Ca8F,0x3daEA3505894Dc27a2e0C5d3e06788B26D16dA26,0x869E8a363E77B949608690dA23b815baA1969cd8,5502,MekaVerse,MEKA,180,191154,29981178,31799833945,0,b'0.4377046462675236',b'0.50020066992249'
0x8622bfd96737547e831a958682be38c7dfd6abe5479254e868e2d87682d6c74b,15009643,1655933508,0xe508aca5d2fc3420fda8b74caee3826c2f44baa75e76e012344f94efbc88f9d3,0x9A534628B4062E123cE7Ee2222ec20B86e16Ca8F,0xaDd0eCde010ce862A38C9A090E71F2B9Df251f66,0x869E8a363E77B949608690dA23b815baA1969cd8,2502,MekaVerse,MEKA,164,204260,29991006,39228661668,1,b'0.426944738801359',b'0.043759424319348816'
0xd15352581457b21c379599dbfbde075e6c81eef8529bedb577dbc3a1e6bc2fa0,15009733,1655934850,0x421e0aa05369105e0ae1f9fab7667f8fe70d98c07c433313deb0df9142d74bbd,0x9A534628B4062E123cE7Ee2222ec20B86e16Ca8F,0xd004120379e8Ca78aD94Ccc8B38D54216620e601,0xA422CCdE99c90a2bD3264A8b1f46d70312DB8a8e,4710,MekaVerse,MEKA,124,191154,24317597,26028962673,785,b'5.062641881708859',b'2.617281926835225'
0x85001a4272ea86e2064350977ec32c311743fef7ae205b43a986b912fe3c74ad,15010159,1655941574,0x55a97c408e8e7f04591494aa54fc0a05930b1b307faf7d57b1dbd917e0f9d44a,0x9A534628B4062E123cE7Ee2222ec20B86e16Ca8F,0x10C9b09AD7d9F2F686C157EFFCA2cFdc8779f49E,0xFa9A5D62E7B94838ecce6B9a5080cAF1dd982fc5,4657,MekaVerse,MEKA,202,254698,29988723,40457445830,377,b'0.1339325218793508',b'1.370948682965537'
0x2b9d85aa2ea462a9a8ba60843e9aec63591f335d4ff1be8da034a42f2595b0c4,15011508,1655964046,0xf59f8fff17496281b8711a1784afcffeb1bd159806e1bad73f30f10b5afd6274,0x9A534628B4062E123cE7Ee2222ec20B86e16Ca8F,0x686065227b7f881991EcA1F4B9b016A43fccB429,0x00a6DD3c9C5d41045A2da1A7F0ea7dCc44Fa95aa,5264,MekaVerse,MEKA,111,447591,29796343,26750121709,688,b'0.3866181165569119',b'0.10989819228387768'
0x2b9d85aa2ea462a9a8ba60843e9aec63591f335d4ff1be8da034a42f2595b0c4,15011508,1655964046,0xf59f8fff17496281b8711a1784afcffeb1bd159806e1bad73f30f10b5afd6274,0x9A534628B4062E123cE7Ee2222ec20B86e16Ca8F,0x686065227b7f881991EcA1F4B9b016A43fccB429,0x00a6DD3c9C5d41045A2da1A7F0ea7dCc44Fa95aa,6207,MekaVerse,MEKA,111,447591,29796343,26750121709,688,b'0.3866181165569119',b'0.10989819228387768'
0x2b9d85aa2ea462a9a8ba60843e9aec63591f335d4ff1be8da034a42f2595b0c4,15011508,1655964046,0xf59f8fff17496281b8711a1784afcffeb1bd159806e1bad73f30f10b5afd6274,0x9A534628B4062E123cE7Ee2222ec20B86e16Ca8F,0x686065227b7f881991EcA1F4B9b016A43fccB429,0x00a6DD3c9C5d41045A2da1A7F0ea7dCc44Fa95aa,5366,MekaVerse,MEKA,111,447591,29796343,26750121709,688,b'0.3866181165569119',b'0.10989819228387768'
0x2b9d85aa2ea462a9a8ba60843e9aec63591f335d4ff1be8da034a42f2595b0c4,15011508,1655964046,0xf59f8fff17496281b8711a1784afcffeb1bd159806e1bad73f30f10b5afd6274,0x9A534628B4062E123cE7Ee2222ec20B86e16Ca8F,0x686065227b7f881991EcA1F4B9b016A43fccB429,0x00a6DD3c9C5d41045A2da1A7F0ea7dCc44Fa95aa,6225,MekaVerse,MEKA,111,447591,29796343,26750121709,688,b'0.3866181165569119',b'0.10989819228387768'
0xca06dade09229973aad7eef872ad062c6d377933a71f7590853e36141514d1ef,15011575,1655965133,0xa1326ea130cdce68ef1ae030839a034f91e349e5888b4247781baf732f190f70,0x9A534628B4062E123cE7Ee2222ec20B86e16Ca8F,0xdC5A3eD3CE12a78c9b4C8CbC370501ff06F5D90d,0xDbe597aEbA7C66e680f2C843E54b456B4557cf09,8863,MekaVerse,MEKA,101,204260,20981797,25102068650,165,b'4.853987518166893',b'0.010405306298263845'
0xa97e7bef2babc86553e111a683af68c6c6a76fb90d5db9484e25aee30819b649,15011807,1655968939,0xbd5864357af99bbf02eb9f02130f01a3bbd553675e5428dda9209c6b0781f3b4,0x9A534628B4062E123cE7Ee2222ec20B86e16Ca8F,0xcCAeC832e39b77BC4D5Bda4417Ca6AC79B5eEB0C,0x994eF02a38DF2906888f25ff569dd555eC9402F8,981,MekaVerse,MEKA,62,193906,18437813,23503205442,17,b'0.45865125908278864',b'0.6496853949219444'
0x79de03c82c46e76737b9c47c35d8ed44f024f6e4e2d3b5bf83254ef57dd74b1b,15012575,1655981465,0x76141a835d13e6bcc7f3b0434e000b4a760f4b7d34bc30c370a0bc124b82fd4a,0x9A534628B4062E123cE7Ee2222ec20B86e16Ca8F,0xf9A978892c81e6Ba17cFA1F64259a6Be167E7beB,0x9415098FC6684f2Ef80730419ec54999C5c84825,8021,MekaVerse,MEKA,79,191130,15841441,26042946508,45,b'0.7248245840605801',b'0.47387653297199156'
0x04602419665904cab12f92733a5494ff33785add86d9bacc4def2c1b4b5c8043,15013361,1655993965,0x3bafd429068260ab76b06a82cf57f03912ddb1426311ea0069ee21826371c452,0x9A534628B4062E123cE7Ee2222ec20B86e16Ca8F,0x2B610702c6f1a7f2C8a18E949A528975a3257b1A,0x82c9A02F9f00955eF6dAc4D45d08a5AA3A941125,8303,MekaVerse,MEKA,196,237634,29967109,77332156917,336,b'0.13107903915647393',b'0.008930506495992595'
0x9a129c608c43fb4001f877691d3fb7db53146fee671b2e4c5a1f837c0b4128bd,15015039,1656021312,0x6c6040c0e92a663e8c860e35340f49d5d9a5ec4c10f542a3119859b7f8741382,0x9A534628B4062E123cE7Ee2222ec20B86e16Ca8F,0x95FfEf5E87a4Fd37D365c0Cd1bA0379112269E91,0xbe91334e3544438BA1f359306eB3761e7c12AD2d,3483,MekaVerse,MEKA,106,237598,9254094,42057060100,15,b'1.4214282898525203',b'0.011036932140647547'
0x08c9b69b6dd3f5d379a1e7093b587c01297977a38eee8d48d287ceb93b04bdde,15015042,1656021396,0x47565b114df46c1dc6a36a6003aae24df97a092dfff0527fa924b8994e0ec3d7,0x9A534628B4062E123cE7Ee2222ec20B86e16Ca8F,0x24Ec49234546fC4b7281b53daCf94115161AF7B4,0xC0BeD83f4E5193E3D5e1083cc2d00475261CDF8C,7334,MekaVerse,MEKA,171,96079,29997551,51968703947,51,b'0.23642180074467342',b'0.16027749989545695'
0x3012f932c651866a30c23ae4b4efd7a7d8b1f47baf375734d09a769470704fdf,15015114,1656022428,0xedc1d002f210d032326d8b713912b5e9839b4281f45320d536e2e85367259da4,0x9A534628B4062E123cE7Ee2222ec20B86e16Ca8F,0x52207aE490Cc6b127D4BFF79A2158a569c4f0E33,0x06B8AFB6cf1F18DdcD937aB0037CE8cC7DE1F789,8469,MekaVerse,MEKA,223,144118,18171763,43847971416,15,b'0.05265781000173272',b'0.15367197570243923'
0x1745194661bb4a61aaf8fd4d52eb57f2db15b699a0e7f4add90e989f9834bd9a,15015155,1656023024,0x370be26b9e32cab5ea4e935a95b1745a659fe5d0ffe1a9f21b826dda23c00b8a,0x9A534628B4062E123cE7Ee2222ec20B86e16Ca8F,0x52207aE490Cc6b127D4BFF79A2158a569c4f0E33,0x41357cb8bd1a70430b255a3A2ce00052fbb3f046,8426,MekaVerse,MEKA,127,144100,17467938,30496469129,17,b'0.04725236369468548',b'0.06055631356406777'
0xac1ada5e652fb11bfcfff96608292a88f9f8066c8b8bd51985973703efb63cd6,15015625,1656030533,0x6820d702d7e2a04d44cb64a42046fbfc34f50099d294bf08eb71e4946bea104a,0x9A534628B4062E123cE7Ee2222ec20B86e16Ca8F,0x4AB8B4E7A2996cB12fc9C3B6cf20CdBFf037C375,0x24DEB03382400c993819Df42f5ADcF897f4f66b3,7539,MekaVerse,MEKA,241,116339,29985508,34400000000,18,b'0.009975633553430624',b'0.016240815058233812'
0xcff80880aa19609bbe1eea2d0da783576f1d06ef87f95aa1e7b49547968f6226,15016181,1656039329,0x11db69332c537f177fef0ff621115b689b2a7552e75b0e5797d9b2ffe14bc1b6,0x9A534628B4062E123cE7Ee2222ec20B86e16Ca8F,0xfe2A429746A419010A873Af9dd6b360cE3A066D8,0x5c7435905ff66B039c3d51d19142c5C3653211b7,605,MekaVerse,MEKA,105,108055,9516534,23706302130,257,b'0.014448601254748387',b'0.0'
0x76f897501c48c326ee9cbfb02fb5e8d8a38e4d8ce7f90a046f128e0754f6f8d1,15016786,1656049545,0x38cc4735191d9ea9bdbce9bb2a4f4da2268978348fb325d71f6604e909292ddc,0x9A534628B4062E123cE7Ee2222ec20B86e16Ca8F,0x64Fa6Fd657E2584250c67cdcF77190f3f80c043C,0x1bD57d21D088AE7411687A30C37648A045fA5A1d,1273,MekaVerse,MEKA,110,187806,26163287,20506002036,271,b'0.06252648595928004',b'0.31241062122048574'
0x9c807e344e8546faf3b5a90848794782a1ef3ddc37f03f46e226e9248730fe89,15016795,1656049706,0xc01adeedb0d9f3d4f31c8da7140dd9df80ace1cc304bd932e72bc1ec908f4c04,0x9A534628B4062E123cE7Ee2222ec20B86e16Ca8F,0x64Fa6Fd657E2584250c67cdcF77190f3f80c043C,0x62d4bC4cf673691bbFA11e192984107DeE03A21a,2007,MekaVerse,MEKA,111,204978,29938408,27285028759,272,b'0.05733122548836512',b'0.037423699104253846'
0x578dd72b022ade11502205af5924b71d1582708347608bfbaa51377377278c70,15016806,1656049933,0xe2594830479b7b5faa8b8d8b3e486a87481930e5e369787b2620089b378d6817,0x9A534628B4062E123cE7Ee2222ec20B86e16Ca8F,0xD87a99c457c3B1da16c4a20B1EC212b16fbE00d8,0xc703F16D82e10668876ECe6B96d4b8cbE4b086A0,3619,MekaVerse,MEKA,70,254674,12542431,39234494343,738,b'0.1396852781210083',b'0.10524991664568238'
0x47707d450cbd2403532ca89d94a71a7822932e4a348acff3154ee28427b2814f,15017374,1656058936,0x34a16ab888cebb4cd7ebbb85a30efb056762b5a27011e14a64d6104ea7bf71f5,0x9A534628B4062E123cE7Ee2222ec20B86e16Ca8F,0x82c9A02F9f00955eF6dAc4D45d08a5AA3A941125,0x280A8675cF1d930c638F4f9Eb9dbe75823801D5a,8303,MekaVerse,MEKA,212,193942,30019623,23010782875,4327,b'0.3601702913711298',b'0.4435975434987842'
0x5a7414a6510c7bd97349bf2a67ff9ddf014fbd40cf70257afebd9a3f0d1f8e6b,15017807,1656066166,0x37c7647b537419b35aaea2901f511580e1a091ddea920fee5f60bff894d8373b,0x9A534628B4062E123cE7Ee2222ec20B86e16Ca8F,0xFa9A5D62E7B94838ecce6B9a5080cAF1dd982fc5,0x1B30c84e244361a99Be770Acd57ACE184983c83d,4657,MekaVerse,MEKA,78,237646,25164964,27009122199,242,b'0.0987116977064742',b'0.2970631680069244'
0xbe1830aef2577ba0d8c5665d434fe33b13cd46305add5074c74d80891d7c0ded,15018276,1656073664,0x82d58c9d823f20f6866a0b18af7cfbf1e1ad5837c8d4a788573f8b7a218e80ca,0x9A534628B4062E123cE7Ee2222ec20B86e16Ca8F,0x7f8a2C401D1673eF8C04d3F31E6e07e1Ab27D2b7,0xECEDF44F6AaCD644e8Ef3B817ca18a66C9ce0f41,477,MekaVerse,MEKA,340,105763,26837723,41450960633,117,b'0.05752833311508303',b'0.0'
0x22916cbfb8bbcffd5b810e87d5c5e6523dab48114d4b708dea6a6dd159ffdc08,15020964,1656116694,0xa525a58f7093d4b418255054a3069e3643a1ffc4de0854703dbd15328c9486ca,0x9A534628B4062E123cE7Ee2222ec20B86e16Ca8F,0x62d4bC4cf673691bbFA11e192984107DeE03A21a,0xf14A11EBe485E758Fda40dfeb9CD505011490B2f,2007,MekaVerse,MEKA,113,176866,29986454,37496690036,589,b'0.36802369910425387',b'0.20422124254767376'
0x8c64e46db5211b21d1c54ff31761ee6afcafa743209fbb88612633fa92840128,15021141,1656119283,0x2eb90c7fbb948fc48465528f235dffab6ed21a66427f72caaf1637e690a1931e,0x9A534628B4062E123cE7Ee2222ec20B86e16Ca8F,0x62d4bC4cf673691bbFA11e192984107DeE03A21a,0xc6144b1B3f04e766C4F9bb5F315fFE04795F697B,6727,MekaVerse,MEKA,169,191166,29989119,21450105593,612,b'0.6986236991042538',b'0.5284729113791232'
0x283b7e3b86e240410b007c6011144198bf811b698a88cfa9b7c0879feaefba41,15021538,1656125390,0xff614d70ed65bfd912e530e59e5903117dc4f1221e5b89cc0cb260a562cb39d8,0x9A534628B4062E123cE7Ee2222ec20B86e16Ca8F,0x553eA23c17a9A472d6a853093aF29BC185536Ffa,0x994eF02a38DF2906888f25ff569dd555eC9402F8,3624,MekaVerse,MEKA,55,1103870,18633098,16796892317,19,b'17.98501428702208',b'0.0793110159347738'
0x283b7e3b86e240410b007c6011144198bf811b698a88cfa9b7c0879feaefba41,15021538,1656125390,0xff614d70ed65bfd912e530e59e5903117dc4f1221e5b89cc0cb260a562cb39d8,0x9A534628B4062E123cE7Ee2222ec20B86e16Ca8F,0x90b83A9e86982CA5f02BD575568B504145B31d89,0x994eF02a38DF2906888f25ff569dd555eC9402F8,1142,MekaVerse,MEKA,55,1103870,18633098,16796892317,19,b'0.3400358252240319',b'0.0793110159347738'
0x283b7e3b86e240410b007c6011144198bf811b698a88cfa9b7c0879feaefba41,15021538,1656125390,0xff614d70ed65bfd912e530e59e5903117dc4f1221e5b89cc0cb260a562cb39d8,0x9A534628B4062E123cE7Ee2222ec20B86e16Ca8F,0x64396c9E243b5EF60dC617B98E0f455f67104513,0x994eF02a38DF2906888f25ff569dd555eC9402F8,5771,MekaVerse,MEKA,55,1103870,18633098,16796892317,19,b'1.0036358083576797',b'0.0793110159347738'
0x283b7e3b86e240410b007c6011144198bf811b698a88cfa9b7c0879feaefba41,15021538,1656125390,0xff614d70ed65bfd912e530e59e5903117dc4f1221e5b89cc0cb260a562cb39d8,0x9A534628B4062E123cE7Ee2222ec20B86e16Ca8F,0x1B30c84e244361a99Be770Acd57ACE184983c83d,0xF97E9727d8E7DB7AA8f006D1742d107cF9411412,4657,MekaVerse,MEKA,55,1103870,18633098,16796892317,19,b'4.3596141680069245',b'0.0'
0x283b7e3b86e240410b007c6011144198bf811b698a88cfa9b7c0879feaefba41,15021538,1656125390,0xff614d70ed65bfd912e530e59e5903117dc4f1221e5b89cc0cb260a562cb39d8,0x9A534628B4062E123cE7Ee2222ec20B86e16Ca8F,0xF97E9727d8E7DB7AA8f006D1742d107cF9411412,0x994eF02a38DF2906888f25ff569dd555eC9402F8,4657,MekaVerse,MEKA,55,1103870,18633098,16796892317,19,b'0.0',b'0.0793110159347738'
0x72393fd9f7523797463cee624c76d19426e7e2b929eec12ccdc90031f8b83a29,15022392,1656138972,0xb5e239cee92d9fa505f79c694a4a44aeb3251ec791d862fc63c04dcbbe4cb084,0x9A534628B4062E123cE7Ee2222ec20B86e16Ca8F,0x9e40B8B0bccC9c1c5Fa792F9c6c83Ab56e60F294,0xE052113bd7D7700d623414a0a4585BCaE754E9d5,6643,MekaVerse,MEKA,143,105686,30018151,26462163550,59,b'0.003752560356235412',b'35.1974437104'
0x6a71f850328a0c15040a47e1d90890e8223e01e6548c3c7bf028d55b68bfc7ba,15022841,1656146161,0xa58b423c0b8f08a6657021b6ebff6efd06b86d24465d838b76b722c01e542243,0x9A534628B4062E123cE7Ee2222ec20B86e16Ca8F,0x553eA23c17a9A472d6a853093aF29BC185536Ffa,0x2360Ccf8667b8DE7244f39fACb8e3f978B5c947A,1372,MekaVerse,MEKA,59,204248,12255222,26136547614,143,b'18.35969428702208',b'1.1650149211586769'
0xb93ec026a7fce4190599c8abaed8a34d6a630de08bd0690cd3d29e931ddf0de7,15022997,1656148999,0xcc09a3a8b47eeaa4817c7aa042ea2936aedd9cf6ac5ce62f948f64fcb2fbf9cd,0x9A534628B4062E123cE7Ee2222ec20B86e16Ca8F,0x47c8D19DA44d1e7a7Ed6Bd25b0E4Fc86C19C360B,0x99686819Ebc8d8a41db2c40B4D35F25cFf07DD42,6339,MekaVerse,MEKA,341,144118,30050757,23781864380,76,b'0.021929377071542456',b'0.0'
0xcaf18c4645efc0ae56e7ff5bcdccc2e0016571885bdf9ace03aa6d1713a5c46c,15023006,1656149173,0x1f5431c897b4680a53a7e75e75389346c1043b56670778ab422edacd5e0c6228,0x9A534628B4062E123cE7Ee2222ec20B86e16Ca8F,0x47c8D19DA44d1e7a7Ed6Bd25b0E4Fc86C19C360B,0x99686819Ebc8d8a41db2c40B4D35F25cFf07DD42,7019,MekaVerse,MEKA,92,144118,12460029,21333399710,77,b'0.020084485998021366',b'0.0'
0xed966bab6af08211fe84dd616fdf5cbf8e52485ad797cc49a23ee1eabe505668,15023949,1656164610,0x2e0054b5650ee16282008be024cfb3eb4dc7edec952d3becafc25af0ba899383,0x9A534628B4062E123cE7Ee2222ec20B86e16Ca8F,0x553eA23c17a9A472d6a853093aF29BC185536Ffa,0x2579BbeD0dc471dc05680aba349Aa882a023196c,8104,MekaVerse,MEKA,215,302190,29286125,47461070588,5,b'18.75308928702208',b'1.9461877149090385'
0xefff0d9a6a65e0c9dba558b073014325821a308e61612358e9e44830d073fb30,15023959,1656164829,0x12c555f0479800749c27bd017e30e7aacf080300fcefb7ab24e4ec36ffaeb81f,0x9A534628B4062E123cE7Ee2222ec20B86e16Ca8F,0xcbA1A597261fc24A3569a161C6D8157999B3a342,0xc6144b1B3f04e766C4F9bb5F315fFE04795F697B,5802,MekaVerse,MEKA,103,176866,29542176,51327829720,613,b'0.47559154049267766',b'0.09989628767205977'
0x494461bc810398cd61017013caa0a17f643ff2d0e19e9a8c2fbd32bb55e8f96c,15024825,1656179192,0x588ffafbb9bf53fe87b3881943626f1757fc5c114522a4d9c28eae091d13e5b9,0x9A534628B4062E123cE7Ee2222ec20B86e16Ca8F,0x095313BCAaf18e684ead3ab515c820240b74943a,0x7F5E0A9C0B36f80EffAB0586CAFe8EE7BA25e5Df,6808,MekaVerse,MEKA,32,237646,9944775,29385837716,44,b'0.4754292638464445',b'0.4702827918747291'
0x301add42de9b05035ff3892d512171ef653e352eabaf6ec4f21e1f985048d671,15024832,1656179290,0xc530dab91c0bd2750772d9d82eb03ed1c1d12c0ad4d707abfdef24c07f514487,0x9A534628B4062E123cE7Ee2222ec20B86e16Ca8F,0x64c74b5Cfe60CB5F36dDebb14B9431BA33E95527,0x3ce0118b99d3d3B62C87cFdf8e016030aE807489,5660,MekaVerse,MEKA,108,119699,29998310,36400000000,27,b'1017.1255581554717',b'0.0'
0x92b39b9b9b90f7b1ebf36a8ae5e4589aee21c3717ee061870503815b4a2d5808,15024833,1656179309,0x5cc2b3a38842549005c064a22c2244a53e3039ce3f7f85d0702f05e53bfe3407,0x9A534628B4062E123cE7Ee2222ec20B86e16Ca8F,0x64c74b5Cfe60CB5F36dDebb14B9431BA33E95527,0x3ce0118b99d3d3B62C87cFdf8e016030aE807489,2350,MekaVerse,MEKA,28,99179,21027075,35200000000,28,b'1017.1228178706717',b'0.0'
0x67cb709edcb9a899644d5fa3daaaca9901fe6e62d5aceec0dbff0fb7e6ac66ab,15024836,1656179341,0x9d444b2d1efc3a5ebf39786deba667a89c14d48413d0f109de1ec55c36debc0f,0x9A534628B4062E123cE7Ee2222ec20B86e16Ca8F,0x64c74b5Cfe60CB5F36dDebb14B9431BA33E95527,0x3ce0118b99d3d3B62C87cFdf8e016030aE807489,4015,MekaVerse,MEKA,16,99179,8383586,35200000000,29,b'1017.1200775858717',b'0.0'
0xa23aaa46a2c2ee1d5192d4165ec34bfb6fadc0ccac62fe1860024848a6b0afa0,15024842,1656179368,0x295ca8e70bab320b15d4d689495d489c265b06468c815b46aaaedd15708f1a08,0x9A534628B4062E123cE7Ee2222ec20B86e16Ca8F,0x64c74b5Cfe60CB5F36dDebb14B9431BA33E95527,0x3ce0118b99d3d3B62C87cFdf8e016030aE807489,5510,MekaVerse,MEKA,8,119699,29961133,34800000000,30,b'1017.1169404006716',b'0.0'
0x51a1f60c84d2392438793218d34671fe9146f4f4e1611e1c68d7825deaf1fec2,15025493,1656189963,0x749a5c1b199a9c75a268bfed59e6f14e3bfdebad568091bb7528f208793406cb,0x9A534628B4062E123cE7Ee2222ec20B86e16Ca8F,0x9130C63986Cd21B1F12A4FE82EcD72fC307a140B,0x03B87c61EB29eFA6515455999808EE76e48Ad98F,3732,MekaVerse,MEKA,112,93279,30019966,39957021608,82,b'0.02638666832367014',b'0.07386897049696062'
0x25706f830d1a32ea2b35183bbe652a06ce06cca18a7bb5cd9de7b18fc66c10a9,15027463,1656221779,0x5c09a8d4122f1895762581b35f1881b2d8208ffbadac00e1821100f332e79242,0x9A534628B4062E123cE7Ee2222ec20B86e16Ca8F,0xdf09092bAe5C265e404e0a8Ce01eBF341481F531,0xCeE749F1CFc66cd3FB57CEfDe8A9c5999FbE7b8F,3806,MekaVerse,MEKA,195,265994,29956539,19694258854,704,b'0.45454524341366165',b'0.6816651901849284'
0xabb78ff9c84056a5c599d38de7a1603b9fd9e98a4e41df1846846c1dff66efde,15027831,1656227698,0x354578360476d47b45c6a64ac619df12360056a845b68c0ae61dd03ca013907a,0x9A534628B4062E123cE7Ee2222ec20B86e16Ca8F,0xAA42c0E9b491f27cFF7571C44C730a6b2fc342ec,0xdC4d076a2847264b8cAcA4bed97cb1e6C7915FBf,6031,MekaVerse,MEKA,81,93279,18783488,19385233482,666,b'0.3028124749058759',b'0.028895470376371107'
0x760ef79b8d7de8c725880f639dac8784ede0e421008159a4c3bced79f4ee50e8,15030807,1656276189,0xa51892586b252493f313d3974ec3344c8d5fd71bf7a301cfc221285ad5adf86c,0x9A534628B4062E123cE7Ee2222ec20B86e16Ca8F,0x9A9157984b4416e4418DA38f38B93E7229230D5F,0x12a38A035779c2eDca9Aff0AaCaB1CccCA27Db9E,8241,MekaVerse,MEKA,34,106373,19521048,51518558038,155,b'0.002795069196837009',b'0.357903201727988'
0x60d615c8684202d32177620f3ac31ddb0a0c0b87d66d70c25f7f5d643e7eafad,15031604,1656288979,0x538dcd0acaa08acdd23812d6286b212784dbc168e7e0d79e5639fdbee74e9203,0x9A534628B4062E123cE7Ee2222ec20B86e16Ca8F,0x1ED9C08cD235345C7d429C4b4bbF661d20FF3459,0x5727c29aaAf16E13D7E77cD0784BeaCDAECFB44a,1496,MekaVerse,MEKA,83,341853,15805623,21332548195,1077,b'0.12020668513624896',b'0.6493605697943797'
0x61d4589462d8145eda445a12b045a05aeff0430b8e0f6a079080a64881a3d02e,15031748,1656291429,0x15451c1f92d8ae3a5ceafb368c90c98517ca3c9442f3f29399639177d705ddcb,0x9A534628B4062E123cE7Ee2222ec20B86e16Ca8F,0x5eE9f42596C463985FF3a3bD663EcA03CDDE44b4,0x371Bc2e04384df5c37620d3751046D29E1Fff3B8,5843,MekaVerse,MEKA,198,139918,27039122,27331623744,14,b'0.006475821942981824',b'0.11763063589651372'
0x477dbc4d6d8f03af82c891813978219b1a60165d4166c1040d1a571cba619111,15032278,1656300222,0x7d2cd007dbdbf55396c9e0ee2e2ec7cb68d9c13ac0d4d91992a45ccbb5606be3,0x9A534628B4062E123cE7Ee2222ec20B86e16Ca8F,0x55c179C64a3512B90c76fb8895d2E37863B7D096,0xc1C68cE8482dDf81Ad2D9a12Aa4c0341baB3aD60,8260,MekaVerse,MEKA,235,282626,29989620,22023803612,2,b'0.4068463888099257',b'0.15595675464444156'
0x7f6c8791a7682d6b13340861993b7f823bc8fd702f32118c4d80597f238101f8,15032847,1656309272,0xb1dec6b2d1dcd56d9c081ea7bdc9050a9a76178bc6fe76b1855ac7fdb95921d5,0x9A534628B4062E123cE7Ee2222ec20B86e16Ca8F,0xc4fc3D887Abeb0d230BebcC4ad2B2567fDd9Ece9,0x40c4F33598F197bAae5f8818d0F98f9AC727b187,1235,MekaVerse,MEKA,142,96149,29995908,15473675767,854,b'0.001243185734003796',b'0.0198530964952353'
0x6f2d58b53dfbb769fb4e2410a1c1be1a1d8cc3bd600b509eb5611cb0e748f544,15033119,1656313136,0x78172ed8138bf63d4ca566829b40e3f8dac07738068db1dbdcead67cfc17e58e,0x9A534628B4062E123cE7Ee2222ec20B86e16Ca8F,0xB2347dB3c5A061e7F2B2f607027c8D8d8cB3c4D9,0x82c9A02F9f00955eF6dAc4D45d08a5AA3A941125,4709,MekaVerse,MEKA,133,237670,29984626,22764638047,75,b'0.5021103988583823',b'0.010172366055660223'
0x56d70cd07611f54c5c9c34cd0f766f553dae7edd99dfaaf160060d9d98e610ff,15033614,1656321092,0xe42a5772c6830ce4cc883125b882308bbd63965e040206e86bb886b0f6e4ba87,0x9A534628B4062E123cE7Ee2222ec20B86e16Ca8F,0x82c9A02F9f00955eF6dAc4D45d08a5AA3A941125,0x70971041F866d0164985841C60224ACf9E4c70Ab,4709,MekaVerse,MEKA,211,193942,30024965,24301919025,191,b'0.3759223660556602',b'0.10052271329831958'
0x11cbedc49f531f3836b1e2dc405c1a09873895b9350b68873d729432c395e939,15035677,1656354371,0xee86240e4959a20e8305322b655d4a3093db7b9e1ee8254b8d80d8d68382b1e2,0x9A534628B4062E123cE7Ee2222ec20B86e16Ca8F,0x39951AeF1E209C182d417776D730b1A8AF262634,0x17768cFd6030e2B65Eb5086e34A512fDe5DC1F1f,4612,MekaVerse,MEKA,211,193942,29983248,56874062329,105,b'0.36431025989401944',b'0.4204038027363627'
0xf6b882ccb7e386045c94c73a2d6cc1b71f113183aaad409e937f9f93ef9483f9,15036550,1656368182,0x57b82a2cbd8b0cf528f2a44217b20082232d4fd206da8ab410b6fe521266ef85,0x9A534628B4062E123cE7Ee2222ec20B86e16Ca8F,0xEb9234371c691e948D3F56AA86b56854C7E77E89,0x17edB9024daa50cd579bC79BF0C285b981182282,5645,MekaVerse,MEKA,150,103573,29982613,70129098391,87,b'0.12344392966906058',b'0.004762891745398558'
0xec1fdcf67746f199b4ce5bec9b77588d56a15eba80185ab925057c9276a1c149,15036552,1656368231,0x340fc5239ebe5613d2e6b3708878123f5298d9d246fc155e0be8d48bdcfb67b3,0x9A534628B4062E123cE7Ee2222ec20B86e16Ca8F,0xEb9234371c691e948D3F56AA86b56854C7E77E89,0x17edB9024daa50cd579bC79BF0C285b981182282,8354,MekaVerse,MEKA,54,96079,11667146,78011207259,88,b'0.11669759847650953',b'0.004762891745398558'
0xc2e4d6816d2cda25266c1bc6dab76a64631c991def2c72b7b3f3830cbc0b2c37,15036568,1656368427,0x093a392d52db97725d3ca50099efb2785e4a8ddcd9dcd5cb45325a821445c4c0,0x9A534628B4062E123cE7Ee2222ec20B86e16Ca8F,0xE2A1Fe8bf5a37977a293EDC8F9563876D540740D,0xcb9dBd3802cB0BD465Bb5D02b0bB7BA721E57717,6264,MekaVerse,MEKA,27,254734,6278140,45996115808,64,b'0.8228208922752909',b'2.1474930906922847'
0xa19d59a36f3b1623f866c0849175ddcdd93d4df72ca7682ff32f61b731fefc75,15036954,1656374448,0x116427d74390c5f9907b673d45bb6a94470a37960bdb5994e400f9a0db835f3d,0x9A534628B4062E123cE7Ee2222ec20B86e16Ca8F,0x17edB9024daa50cd579bC79BF0C285b981182282,0xe11cE9fDC7537fbA6d1ECA4F90455DeA26a94Fd9,5645,MekaVerse,MEKA,169,103573,29954707,46203787679,120,b'0.04743541846511381',b'0.0'
0x26c5bdccebd82145aa86bdd38c334315f27f061670ea151ed7babf9d6d26c8cd,15037622,1656385683,0x2b95667520af6acc857e46527281382393b0bc75bf8ad8b46b42e35000025af1,0x9A534628B4062E123cE7Ee2222ec20B86e16Ca8F,0x17edB9024daa50cd579bC79BF0C285b981182282,0xe11cE9fDC7537fbA6d1ECA4F90455DeA26a94Fd9,8354,MekaVerse,MEKA,36,96079,18785989,44441676809,125,b'0.031853351749122245',b'1.1918474875833414'
0xb0e141f9e2b763245a31de9e63535e30c850dc198d5e9c5587cfe75160c478c0,15037743,1656387720,0x92fd8dd3d7ea968ac9775f63dc401b679c59492cf7b6aed7a51be96c704ad6d5,0x9A534628B4062E123cE7Ee2222ec20B86e16Ca8F,0x60CC0349D1151aF21FD25F608429c63C6b1A9448,0xcb9dBd3802cB0BD465Bb5D02b0bB7BA721E57717,2029,MekaVerse,MEKA,37,257558,5199770,30473061197,504,b'0.03691849771846114',b'2.144846253048881'
0x41c698da932a3e5390e0dc640909f64dad24086249daf629b120da105b0fe4aa,15037838,1656389060,0x02a502fb43d7b0f03a9c411e08f95cb167b6ad365ce9378de56a1a9863ee9f82,0x9A534628B4062E123cE7Ee2222ec20B86e16Ca8F,0x6F5514FA4e9601626D89E18E0D76D8180f63AA2A,0x7b73BA8D2AEeC7b57cF5D89E84DC8edD1a07ec3b,1906,MekaVerse,MEKA,367,664048,29994316,29566382665,51,b'0.1723594896126361',b'0.0'
0x5b17cc95216ed6cd549f0abab0c8430087bcec8b4b73c2a45101401d1839f809,15038271,1656396394,0xf4099d3f2212d188499937648b2df979f55545a760c474d3b311249a86e1f108,0x9A534628B4062E123cE7Ee2222ec20B86e16Ca8F,0x99daD523B24B58608fD46048DAd439fD360c64b2,0xCFf561fE7b522Db07A4Edb28dE029e744db2eA2B,3969,MekaVerse,MEKA,124,254746,29991969,19244428826,218,b'0.008198595733416343',b'0.6934831546411626'
0x558bdf5aef6248486088a18f8e8b5a52d9c1953be32ac0e6427aa53fdccedf4e,15038275,1656396510,0x95a4aa585d62c1fcf52b86d66b4628d327bae8b07442b6b303da6a7e16ca63b9,0x9A534628B4062E123cE7Ee2222ec20B86e16Ca8F,0xCFf561fE7b522Db07A4Edb28dE029e744db2eA2B,0x809CA3f5FFb4b371733064b9C9f32F44bB969583,3969,MekaVerse,MEKA,59,96149,29804760,23285811354,291,b'0.6914677909542852',b'33.366077412705465'
0x44c1c72cd05212fca665f51da44413974ef4fb1fc3083261f3447bfdfbe66d83,15038442,1656399050,0x55924adf1d57bca87072cdcb3ce68303efe5ef8c595dc09baa531b888cef0c7d,0x9A534628B4062E123cE7Ee2222ec20B86e16Ca8F,0xcc18005e435a74C1383adCF73bd8Ea8E78B8F631,0xaCDcaADb137C319f98826B6165AE54D41Ea29971,690,MekaVerse,MEKA,220,193918,30019599,17876100868,306,b'0.4054225379232363',b'0.9315453127466181'
0xd43ea366eb9064313acafc3e60c54977efd986a0627efea2862e0093014e301d,15039177,1656411179,0xd6f7e8c03b10dd56f6df2fb4e2a01b2720f398cdae0d4086822cd136225d019a,0x9A534628B4062E123cE7Ee2222ec20B86e16Ca8F,0x809CA3f5FFb4b371733064b9C9f32F44bB969583,0x0a776842783488E2b4E1277e98C05923874bfA7d,3969,MekaVerse,MEKA,210,712002,30020373,20333558926,463,b'1.3665610128442582',b'0.0'
0xef5bac8aa02ae465adbd284e4b39eaaa9c9776f6ee272b6138cbf2031c902cd1,15039221,1656412027,0x085e0a0a7b242dab6cd3293b19bee6e58dc7588f7d95d9c4258de648b059e8c0,0x9A534628B4062E123cE7Ee2222ec20B86e16Ca8F,0x4fCEF72629F0873C98423EdB2ab323c53fF409A5,0x4Afe2151c433Fcf431c97C49C286ec05A0c57678,7477,MekaVerse,MEKA,81,96079,28963586,27384288224,5,b'0.025138086657146192',b'0.019516864935471504'
0xb39718e726ce41e668026f0b20868e74b9836900b35d264fafdf64f867e3ddbb,15041147,1656443109,0xbaf780bbe2184b6007d66daccf979c61c65812b4d132561c0250ad4cd52c78eb,0x9A534628B4062E123cE7Ee2222ec20B86e16Ca8F,0x9e7A83f3F29d1d38447545Baf4e80592631bb4d4,0x382A50Af3F9703292b8024e0d348C75Eee570514,2819,MekaVerse,MEKA,45,257534,29991947,50829766609,553,b'0.07069675991605025',b'3.5718639931620717'
0x781db63d3123ff84dc763e7c7839804209cfd60ba850dc7b0fe458558029e5db,15042053,1656457230,0x5446aadc0c1fca8d1474829245ede09a752b8a0c3bd3567046a6bddbc1ded2b0,0x9A534628B4062E123cE7Ee2222ec20B86e16Ca8F,0xD8825425250Da29cB1A4708f8776370357783fBF,0x1CEAf680894a5d4075E0a996E124e3899AA9b499,2778,MekaVerse,MEKA,38,187148,8395729,47398468303,77,b'1.669226933503522',b'24.726443358844662'
0x522252f93595b4c82731f296ef02851a0981d9537357fc8b5a08cc6382e83050,15043372,1656478993,0x50d9196e5c94295d60d59c96733869d44edd735d00f27201abe7caba59efb366,0x9A534628B4062E123cE7Ee2222ec20B86e16Ca8F,0x6b5Ae44e4de9283b4Dd22d8A0c7F07aa80Ff775C,0x3E9E20680dF719E874b60Cd44a9329cc629bC4f1,6035,MekaVerse,MEKA,98,187148,30010502,42870685331,250,b'3.5211324099439287',b'2.4452455227638223'
0x09cfcfba0da3410423df929bb75d0864ed3e752e0bd52a03de9377d2dab26563,15043908,1656487941,0xb27b508102b09772b4622967ac463d113ef9c956d596c6e1e77f09e9d5593502,0x9A534628B4062E123cE7Ee2222ec20B86e16Ca8F,0xd35FF32Bd5393B49a31594524614DC9Eeff8C45C,0xfb026B6B46abBe86830E12104F032e60d9D0bc96,4297,MekaVerse,MEKA,97,219254,23705364,38740029765,61,b'0.02141272711626433',b'0.2547167818439626'
0x71c147149938c50a98fefbc25af3e16bcca057b6f990e03c470bd130c8f3b061,15044437,1656496508,0x1451c0f4887112e0013d75376dacd1434f127f559c4cd81eb37e0997d79b5c2b,0x9A534628B4062E123cE7Ee2222ec20B86e16Ca8F,0x7F5E0A9C0B36f80EffAB0586CAFe8EE7BA25e5Df,0x5769F60bA7326D3E671E05adAd84C24D602aD683,6808,MekaVerse,MEKA,87,202178,25269320,24300235832,280,b'0.29152260345646247',b'0.015398349511995838'
0x18308f34b4c8b8528a02a3739800eb4f7c524257efb6a74667230e8e23d072e5,15045175,1656508337,0xd251e1415edf9b3aa00beffbc64cacd555d1ef045c4dfa08f97c0406d86cfa71,0x9A534628B4062E123cE7Ee2222ec20B86e16Ca8F,0x7ed041F64461C0e9C69355637a703cBaaf60a465,0xa182ED825bB11599aD12FFEd6430d0D0C1a9E075,5880,MekaVerse,MEKA,205,211661,18997911,53203713583,277,b'6.25102434466855',b'0.039964861061652264'
0x486c14cac5e0035f411bd863309fa91e6f3a80da75f4ef8589a14f9eb6ba148a,15045537,1656514645,0xc73e7d66cb4e146f9209a6a8f6853d7431064a5776ffe065c25ff3cb0b1d6ffc,0x9A534628B4062E123cE7Ee2222ec20B86e16Ca8F,0x97527b1E9E410AA8cEf7E226052cB0E8F8F495dF,0x21dA8D1a63fd175646bF7a87E2AfD10f091Cb34f,5495,MekaVerse,MEKA,149,93279,29995257,40286101884,103,b'1.053829783841453',b'0.0'
0x0fe1ae6da2be34ee5a0f94ffb40e4d9eb68d0f8f0ca1f4cff4aae271be484156,15048958,1656569392,0xd8c9c20aab193d16ccaba6572c29ea0bc7353ee7ab45c4f0637b8b93fe316b86,0x9A534628B4062E123cE7Ee2222ec20B86e16Ca8F,0x33A3cCF89EE0B30A2bEF337b47dd8896261B41f1,0xd0B93D5D406a03D18a787B86e7E100Bc57253D12,2180,MekaVerse,MEKA,362,148332,29499538,43094894761,83,b'0.26732355245412653',b'3.2483984438420523'
0x51c1a249c226e34edbab2d540c0bc387c0611154fba394c40845555046203c47,15049033,1656570773,0x330d5e29c50bb4a9e5dbb62936e1baeaaf458a6fb16bbc2d93e24945e6afaa2a,0x9A534628B4062E123cE7Ee2222ec20B86e16Ca8F,0x608FCBEdea395a09B992269c77C13B2941508476,0x87dD62F86A7d9686416980F5BA88f3182780c767,6979,MekaVerse,MEKA,264,204954,29964770,53874455804,182,b'0.003128898972928123',b'0.035037744306472045'
0x595d4d1e5f9fbb601ffd23bd65c5d0974932ff5e70152229980660a2fedd7feb,15050335,1656591893,0x5b7b4c5dd66f60883c5e19a795dbbb7ddc8aebf241fac7b0c29c3d10a5e2f70d,0x9A534628B4062E123cE7Ee2222ec20B86e16Ca8F,0x03519d8BCCb63E677f3790a9CA5377d4E8df4001,0xf78D6C947104E2703CE6D6Ac8B4a2Ecb62A2F356,1269,MekaVerse,MEKA,337,201436,30027377,20618073399,64,b'0.735869468684815',b'2.1069966004061373'
0x260fca6b014e06c496113fc067440aece0966955c2a1adc1d3e4c5700e910a8d,15050569,1656595777,0xabef5f54b658d4049c199967180cc5d962dba9cdeb152597eec405b6c26bab85,0x9A534628B4062E123cE7Ee2222ec20B86e16Ca8F,0xd0B93D5D406a03D18a787B86e7E100Bc57253D12,0x84c5c58476a022E216F7BAe80eaaFA44a27841eC,2180,MekaVerse,MEKA,131,96137,15054269,51003255508,97,b'3.2311116080629123',b'2.034257567630959'
0x323042b49754562e584f81f1a0eae4843af1366504bcb9441f023af1d0636f1c,15051427,1656608119,0xe619566c549c9c7cc25246cde4d9b49cee2601adb77fab65db2b4698ef2bd5d7,0x9A534628B4062E123cE7Ee2222ec20B86e16Ca8F,0xc6144b1B3f04e766C4F9bb5F315fFE04795F697B,0x77e97a507a815fD9a9CA2500FBE9138DA95B09f4,6727,MekaVerse,MEKA,306,265028,27696961,47890528191,616,b'0.08398914469389113',b'4.502957392619314'
0x443f219972ab72d60393fc9905dafdcea58bf7c570237ccbaa7537ea770eaa22,15051846,1656614201,0xa0dc3aa3a153eda7fa687578015982e55c3c967df763cf86916372dc20915de9,0x9A534628B4062E123cE7Ee2222ec20B86e16Ca8F,0xe239488f1eFc96A27408Ba60C102103D4D1909d6,0xA511A741d209e281846Bf652C1bdd7F04B5e6C74,600,MekaVerse,MEKA,99,356469,28505829,54617540644,367,b'0.11687376128099158',b'0.18986554489165128'
0xc10c94534da585065043c31e5c23595e1c31d9c52559785f8de53a40d5c86a3b,15052044,1656616864,0xbad327d9b5ae0c9e4f56b2741079e25a80c9f1d6defaac475e763d9ab52ac047,0x9A534628B4062E123cE7Ee2222ec20B86e16Ca8F,0xc6144b1B3f04e766C4F9bb5F315fFE04795F697B,0xA511A741d209e281846Bf652C1bdd7F04B5e6C74,5802,MekaVerse,MEKA,129,257546,29968855,33223683289,619,b'0.00978019400531452',b'0.6061520563944299'
0xe7c49a9f45f4bf996110f632c4084e95f228130cf523ef14f57eaba70dbc124e,15052716,1656626059,0x2871834057ef3b44975bd4fe6c1f295065612b25cc862e983913c7984771ed80,0x9A534628B4062E123cE7Ee2222ec20B86e16Ca8F,0x1120Bab87B282d41057863149632EDe20E702736,0x8c92e2Cdb999f84d2c54459Bd9F23388ab84921A,582,MekaVerse,MEKA,98,237658,18686365,42894966455,69,b'2.416116087622487',b'3.7138372558130808'
0x59b701999b915f65474b54bdf17ca7e2d2103f3a74862f5da58123c16379be73,15052793,1656626937,0xc4e70c7d13f20efedfe6b71fe213bd56daa7898a9e8c60e98d04b42610bcb357,0x9A534628B4062E123cE7Ee2222ec20B86e16Ca8F,0x77e97a507a815fD9a9CA2500FBE9138DA95B09f4,0x405F03a06fCD9063a3A1266E8aEA892451735bc3,6727,MekaVerse,MEKA,89,191142,29981332,29391289619,32,b'5.4693026486359395',b'1.069304026809512'
0x9d804983eaa3024c6f55dd2c3f106b397cdc8a01296e3dd61f815fa370b90ecd,15053476,1656636711,0x231fee3d3c9e606c475cd3ec0a5a86fd7eaf39c0ce05b1ad2e840706a811f2de,0x9A534628B4062E123cE7Ee2222ec20B86e16Ca8F,0x8c92e2Cdb999f84d2c54459Bd9F23388ab84921A,0x07cd24C35403E88B647778ccA17B91D2ee02aFF3,582,MekaVerse,MEKA,216,193954,29993452,30903908840,638,b'4.140613653294591',b'1.0282508665944052'
0x56a74f3c3625b09ce4e1c674092aeed6d3849922eee592ef23a5dc27bc361272,15054865,1656655011,0x993217ec13378ce4615a4a2c27da10bc910ceb047eb9adb88e1e60492349bbd0,0x9A534628B4062E123cE7Ee2222ec20B86e16Ca8F,0x31114803Db531106BaD843aeCb868ABc74ead247,0x994eF02a38DF2906888f25ff569dd555eC9402F8,774,MekaVerse,MEKA,359,621913,29148065,12022504328,22,b'0.399095261684364',b'0.11998385880199036'
0x56a74f3c3625b09ce4e1c674092aeed6d3849922eee592ef23a5dc27bc361272,15054865,1656655011,0x993217ec13378ce4615a4a2c27da10bc910ceb047eb9adb88e1e60492349bbd0,0x9A534628B4062E123cE7Ee2222ec20B86e16Ca8F,0xA511A741d209e281846Bf652C1bdd7F04B5e6C74,0x994eF02a38DF2906888f25ff569dd555eC9402F8,5802,MekaVerse,MEKA,359,621913,29148065,12022504328,22,b'1.1050331046146018',b'0.11998385880199036'
0x56a74f3c3625b09ce4e1c674092aeed6d3849922eee592ef23a5dc27bc361272,15054865,1656655011,0x993217ec13378ce4615a4a2c27da10bc910ceb047eb9adb88e1e60492349bbd0,0x9A534628B4062E123cE7Ee2222ec20B86e16Ca8F,0x84c5c58476a022E216F7BAe80eaaFA44a27841eC,0x994eF02a38DF2906888f25ff569dd555eC9402F8,2180,MekaVerse,MEKA,359,621913,29148065,12022504328,22,b'1.012468472070416',b'0.11998385880199036'
0x4a89c8bcbf4f372fa5404e616d89f069870055c5f139914d15dfdee9f3db4458,15055016,1656657217,0x5f9608044bc200172e4548fa111e0ea17d267fc83fae087812f8bfc2b5fdf294,0x9A534628B4062E123cE7Ee2222ec20B86e16Ca8F,0xCeE749F1CFc66cd3FB57CEfDe8A9c5999FbE7b8F,0x4866A8ed578be933a35eBB6e318E3EdBAEc5d548,3806,MekaVerse,MEKA,196,191142,19334914,15679366370,8,b'1.0438235235791726',b'0.008575852826904208'
0x0afcc4274289c47f55044fb18a10f8e2fc3e070426ca641cf54f2c45665bb9b8,15055616,1656665075,0xe9045a85d6326089f433fe03c5a97d59f78a9025bb2145c804f353f167042a1c,0x9A534628B4062E123cE7Ee2222ec20B86e16Ca8F,0x7bA1d57886a46F9015eA8841B6BEB5eE547F8717,0xB01Def8F46F896C3B3F22f61c0Fc3878424EB87c,2159,MekaVerse,MEKA,27,193789,7702130,22730583709,31,b'0.30644769586734716',b'0.5336767364583285'
0x3584f80954bc7f15c2f0c10a0e0a52d460104272db7885bec285efc5a8fbf293,15055625,1656665204,0x374519d0528615b6df5901492954744e28a78050ceb9c993893cfad450102d77,0x9A534628B4062E123cE7Ee2222ec20B86e16Ca8F,0xA511A741d209e281846Bf652C1bdd7F04B5e6C74,0xB01Def8F46F896C3B3F22f61c0Fc3878424EB87c,600,MekaVerse,MEKA,40,193954,12708109,22436108473,32,b'1.0223103973688774',b'0.21065208001211627'
0x226a1b06f69a6495cbce0ddcd041bc89e7a787ed58770f16190f9c3fd9c1d578,15056579,1656677998,0x6aa217bae758a6763635b6d33533d5be270d25b4e57ebc9962718faa0899fe9d,0x9A534628B4062E123cE7Ee2222ec20B86e16Ca8F,0x83DedbB4d75dF6eA216CcF3Af93A7995f3ae46D1,0xF41EEc5f1d02d148C002d8b3A272E2C3A9749662,5589,MekaVerse,MEKA,142,254734,29993652,14622394306,680,b'0.6640598284828556',b'0.48580862741912967'
0x551b4376f636ea3cac4f7e0981eb3245c54e334ab8be6a44d495ed17e24acad6,15056688,1656679537,0xf86ac671630fbe1c22c875cbfa0a6bcdfd68d27d0e8e882dcb195abb324b9d35,0x9A534628B4062E123cE7Ee2222ec20B86e16Ca8F,0x02ECA8cC78b7D30c1Ac5E16988ED2C8A9Da658d6,0x542F0c3F91a75500bB446A105F468Ed1297Fb5d2,2250,MekaVerse,MEKA,114,1566543,30045296,17454520416,899,b'300.26801653488315',b'80.63608398523243'
0x551b4376f636ea3cac4f7e0981eb3245c54e334ab8be6a44d495ed17e24acad6,15056688,1656679537,0xf86ac671630fbe1c22c875cbfa0a6bcdfd68d27d0e8e882dcb195abb324b9d35,0x9A534628B4062E123cE7Ee2222ec20B86e16Ca8F,0x02ECA8cC78b7D30c1Ac5E16988ED2C8A9Da658d6,0x542F0c3F91a75500bB446A105F468Ed1297Fb5d2,5867,MekaVerse,MEKA,114,1566543,30045296,17454520416,899,b'300.26801653488315',b'80.63608398523243'
0x55739765e2aef950dca316ae0a5f0d4c23b61a77264839ab99aa66cc277d888b,15056696,1656679717,0x13decc724ec78592ed7a3deccb68155d1c49ae85b305c97074c1fb4753100e65,0x9A534628B4062E123cE7Ee2222ec20B86e16Ca8F,0x02ECA8cC78b7D30c1Ac5E16988ED2C8A9Da658d6,0x542F0c3F91a75500bB446A105F468Ed1297Fb5d2,6755,MekaVerse,MEKA,105,772436,29962462,27777853768,903,b'300.24617506204856',b'80.63608398523243'
0xf8d97811a501fcb6c1089a78638ee777840024e63dfb9d845e574f6b0a6147f7,15057181,1656686572,0xead9bb919bc79f2dd92c21a9dfb1bdd8869feb2d5f81cea5403ef6be00ff6c89,0x9A534628B4062E123cE7Ee2222ec20B86e16Ca8F,0x620d9843Da2dFe4914A1B4597D7424a0F7f8De6E,0x37aE31450c496c3e2E516Bd14dB011BABCBff613,1729,MekaVerse,MEKA,47,204260,15386239,27415310379,259,b'3.1434889244979156',b'1.4130524090010452'
0xbf96f12747c3d85c6501cf6e1ec887214f45ce08dc6b5b4214b0b39857f9d3b0,15057189,1656686656,0xe9594f23e9c8453f719fb7e0ada916847f80786b3ba9e12d1adce6b7fd3e0659,0x9A534628B4062E123cE7Ee2222ec20B86e16Ca8F,0xcbA1A597261fc24A3569a161C6D8157999B3a342,0x37aE31450c496c3e2E516Bd14dB011BABCBff613,7706,MekaVerse,MEKA,64,176866,15005314,21518154069,260,b'2.1018342299543744',b'1.0194568330468858'
0xf38838e1095bd0675b82549b6fcbec227400e6acb0326fe99dc2be68c2342f3f,15059069,1656712377,0x8c8f3f0bb3464d57f7f8c3dd57c78873752068989ba803c6d671f43b83ab2fa1,0x9A534628B4062E123cE7Ee2222ec20B86e16Ca8F,0xD2D628156b947751a43C1c2132F6954bB45B30B2,0x69c1Be0066F1e5ABbf71F96e21B3b7cD345AF1ce,5623,MekaVerse,MEKA,159,257546,24065185,52831294982,282,b'20.09574313632476',b'0.06587417768085242'
0xeb6b948c47d6d3af68a5238a02b51bfb41abe682c62d3ae0ff012660477f5b84,15061105,1656738584,0x5d7beada6c4a84496149b8bc900e9d05732a65f035a1fe4fb3e16dceeaaf8b6f,0x9A534628B4062E123cE7Ee2222ec20B86e16Ca8F,0x96Ad7a9f1EF57f46efc3553e8A4d4afCD8c77212,0x27ebA8027ce44401a997f7F20F2233bF3cEc9F1D,1996,MekaVerse,MEKA,202,720201,29996003,12595239116,111,b'0.20256239000261972',b'0.14009951243446062'
0xeb6b948c47d6d3af68a5238a02b51bfb41abe682c62d3ae0ff012660477f5b84,15061105,1656738584,0x5d7beada6c4a84496149b8bc900e9d05732a65f035a1fe4fb3e16dceeaaf8b6f,0x9A534628B4062E123cE7Ee2222ec20B86e16Ca8F,0x96Ad7a9f1EF57f46efc3553e8A4d4afCD8c77212,0x27ebA8027ce44401a997f7F20F2233bF3cEc9F1D,8722,MekaVerse,MEKA,202,720201,29996003,12595239116,111,b'0.20256239000261972',b'0.14009951243446062'
0xe7dcbec63c15ce88957bbeaa04fa2a023feed7a579415e6dc78cc9fc14583cf6,15064055,1656777766,0x9e1ca9ae407f6081edfd355747029cf7a3c21357bb6b56c639eda098686171be,0x9A534628B4062E123cE7Ee2222ec20B86e16Ca8F,0xcD64bB95EE1b3A95586836D636849b71B871732b,0x760A6Ff8A8636337fB845f78AF334Dc26484746F,6366,MekaVerse,MEKA,212,344893,29980510,21737496832,185,b'0.45744896114350203',b'0.6352207395798192'
